{"content":[{"id":"3af5a6a8","settings":{"flex_direction":"row","flex_gap":{"unit":"px","size":0,"column":"0","row":"0"},"background_background":"classic","padding":{"unit":"px","top":"40","right":"15","bottom":"20","left":"15","isLinked":false},"__globals__":{"background_color":"globals\/colors?id=text"},"flex_wrap_tablet":"wrap"},"elements":[{"id":"4922c0e9","settings":{"flex_direction":"column","content_width":"full","width":{"unit":"%","size":25},"_flex_size":"none","_element_width":"initial","width_tablet":{"unit":"%","size":30,"sizes":[]},"width_mobile":{"unit":"%","size":"","sizes":[]}},"elements":[{"id":"6b171deb","settings":{"site_logo_fallback":"yes","custom_image":{"url":"https:\/\/spark.procoderbd.com\/wp-content\/uploads\/2025\/08\/Footer-Logo.png","id":139,"size":"","alt":"","source":"library"},"site_logo_size_size":"full","align":"left","_element_id":"footer_logo"},"elements":[],"isInner":false,"widgetType":"site-logo","elType":"widget"},{"id":"341ca1d9","settings":{"title":"Subscribe","header_size":"h4","typography_typography":"custom","typography_font_family":"Poppins","typography_font_size":{"unit":"px","size":20,"sizes":[]},"typography_font_weight":"500","_margin":{"unit":"px","top":"0","right":"0","bottom":"0","left":"0","isLinked":false},"__globals__":{"title_color":"globals\/colors?id=c3a0337"}},"elements":[],"isInner":false,"widgetType":"heading","elType":"widget"},{"id":"8d898cd","settings":{"editor":"<p>Get 10% off your first order<\/p>","typography_typography":"custom","typography_font_family":"Poppins","typography_font_size":{"unit":"px","size":16,"sizes":[]},"typography_font_weight":"400","_margin":{"unit":"px","top":"0","right":"0","bottom":"-35","left":"0","isLinked":false},"_padding":{"unit":"px","top":"0","right":"0","bottom":"0","left":"0","isLinked":false},"__globals__":{"text_color":"globals\/colors?id=c3a0337"},"typography_font_size_tablet":{"unit":"px","size":14,"sizes":[]}},"elements":[],"isInner":false,"widgetType":"text-editor","elType":"widget"},{"id":"4d64a929","settings":{"shortcode":"[mc4wp_form id=134]","_element_id":"homepage_newsletter"},"elements":[],"isInner":false,"widgetType":"shortcode","elType":"widget"},{"id":"6fa83aae","settings":{"html":"<style>\n#footer_logo img{\n    width: 180px\n}\n    #homepage_newsletter{\n        width: 100%;\n        border: 2px solid #fff;\n        border-radius: 4px;\n    }\n    #homepage_newsletter .mc4wp-form-fields{\n        display: flex;\n    }\n    #homepage_newsletter input[type=email]{\n        background: none;\n        font-size: 14px;\n        border: 0px;\n    }\n#homepage_newsletter input[type=\"submit\"] {\n    background-image: url(\"https:\/\/spark.procoderbd.com\/wp-content\/uploads\/2025\/08\/icon-send.png\");\n    background-repeat: no-repeat;\n    background-size: 22px;\n    background-position: center;\n    text-indent: -99999px;\n    background-color: transparent;\n}\n<\/style>"},"elements":[],"isInner":false,"widgetType":"html","elType":"widget"}],"isInner":true,"elType":"container"},{"id":"395308f0","settings":{"flex_direction":"column","content_width":"full","width":{"unit":"%","size":20},"width_tablet":{"unit":"%","size":30,"sizes":[]},"width_mobile":{"unit":"%","size":"","sizes":[]}},"elements":[{"id":"2a5f5490","settings":{"title":"Support","header_size":"h4","typography_typography":"custom","typography_font_family":"Poppins","typography_font_size":{"unit":"px","size":20,"sizes":[]},"typography_font_weight":"500","_margin":{"unit":"px","top":"0","right":"0","bottom":"0","left":"0","isLinked":false},"__globals__":{"title_color":"globals\/colors?id=c3a0337"}},"elements":[],"isInner":false,"widgetType":"heading","elType":"widget"},{"id":"6eec547b","settings":{"editor":"<p>111 Bijoy sarani, Dhaka, DH 1515, Bangladesh.<\/p>","typography_typography":"custom","typography_font_family":"Poppins","typography_font_size":{"unit":"px","size":16,"sizes":[]},"typography_font_weight":"400","_margin":{"unit":"px","top":"0","right":"0","bottom":"-35","left":"0","isLinked":false},"_padding":{"unit":"px","top":"0","right":"0","bottom":"0","left":"0","isLinked":false},"__globals__":{"text_color":"globals\/colors?id=c3a0337"},"typography_font_size_tablet":{"unit":"px","size":14,"sizes":[]}},"elements":[],"isInner":false,"widgetType":"text-editor","elType":"widget"},{"id":"1a4c2dac","settings":{"editor":"<p>support@SparkSpace.com<\/p>","typography_typography":"custom","typography_font_family":"Poppins","typography_font_size":{"unit":"px","size":16,"sizes":[]},"typography_font_weight":"400","_margin":{"unit":"px","top":"0","right":"0","bottom":"-35","left":"0","isLinked":false},"_padding":{"unit":"px","top":"0","right":"0","bottom":"0","left":"0","isLinked":false},"__globals__":{"text_color":"globals\/colors?id=c3a0337"},"typography_font_size_tablet":{"unit":"px","size":14,"sizes":[]}},"elements":[],"isInner":false,"widgetType":"text-editor","elType":"widget"},{"id":"4cae4efb","settings":{"editor":"<p>+88015-88888-9999<\/p>","typography_typography":"custom","typography_font_family":"Poppins","typography_font_size":{"unit":"px","size":16,"sizes":[]},"typography_font_weight":"400","_margin":{"unit":"px","top":"0","right":"0","bottom":"-35","left":"0","isLinked":false},"_padding":{"unit":"px","top":"0","right":"0","bottom":"0","left":"0","isLinked":false},"__globals__":{"text_color":"globals\/colors?id=c3a0337"},"typography_font_size_tablet":{"unit":"px","size":14,"sizes":[]}},"elements":[],"isInner":false,"widgetType":"text-editor","elType":"widget"}],"isInner":true,"elType":"container"},{"id":"19e1340","settings":{"flex_direction":"column","content_width":"full","width":{"unit":"%","size":15},"width_tablet":{"unit":"%","size":40,"sizes":[]},"width_mobile":{"unit":"%","size":"","sizes":[]}},"elements":[{"id":"3ad03fec","settings":{"title":"Account","header_size":"h4","typography_typography":"custom","typography_font_family":"Poppins","typography_font_size":{"unit":"px","size":20,"sizes":[]},"typography_font_weight":"500","_margin":{"unit":"px","top":"0","right":"0","bottom":"0","left":"0","isLinked":false},"__globals__":{"title_color":"globals\/colors?id=c3a0337"}},"elements":[],"isInner":false,"widgetType":"heading","elType":"widget"},{"id":"29a32861","settings":{"menu":"account","layout":"vertical","dropdown":"none","padding_horizontal_menu_item":{"unit":"px","size":0,"sizes":[]},"padding_vertical_menu_item":{"unit":"px","size":10,"sizes":[]},"menu_typography_typography":"custom","menu_typography_font_family":"Poppins","menu_typography_font_size":{"unit":"px","size":16,"sizes":[]},"menu_typography_font_size_tablet":{"unit":"px","size":14,"sizes":[]},"menu_typography_font_weight":"400","__globals__":{"color_menu_item":"globals\/colors?id=c3a0337","color_menu_item_hover":"globals\/colors?id=primary"}},"elements":[],"isInner":false,"widgetType":"navigation-menu","elType":"widget"}],"isInner":true,"elType":"container"},{"id":"460f25de","settings":{"flex_direction":"column","content_width":"full","width":{"unit":"%","size":15},"width_tablet":{"unit":"%","size":30,"sizes":[]},"width_mobile":{"unit":"%","size":"","sizes":[]}},"elements":[{"id":"174d1c3c","settings":{"title":"Quick Links","header_size":"h4","typography_typography":"custom","typography_font_family":"Poppins","typography_font_size":{"unit":"px","size":20,"sizes":[]},"typography_font_weight":"500","_margin":{"unit":"px","top":"0","right":"0","bottom":"0","left":"0","isLinked":false},"__globals__":{"title_color":"globals\/colors?id=c3a0337"}},"elements":[],"isInner":false,"widgetType":"heading","elType":"widget"},{"id":"16f6ee15","settings":{"menu":"quick-link","layout":"vertical","dropdown":"none","padding_horizontal_menu_item":{"unit":"px","size":0,"sizes":[]},"padding_vertical_menu_item":{"unit":"px","size":10,"sizes":[]},"menu_typography_typography":"custom","menu_typography_font_family":"Poppins","menu_typography_font_size":{"unit":"px","size":16,"sizes":[]},"menu_typography_font_size_tablet":{"unit":"px","size":14,"sizes":[]},"menu_typography_font_weight":"400","__globals__":{"color_menu_item":"globals\/colors?id=c3a0337","color_menu_item_hover":"globals\/colors?id=primary"}},"elements":[],"isInner":false,"widgetType":"navigation-menu","elType":"widget"}],"isInner":true,"elType":"container"},{"id":"4403c6b5","settings":{"flex_direction":"column","content_width":"full","width":{"unit":"%","size":25},"width_tablet":{"unit":"%","size":40,"sizes":[]},"width_mobile":{"unit":"%","size":"","sizes":[]}},"elements":[{"id":"2cf02692","settings":{"title":"Download App","header_size":"h4","typography_typography":"custom","typography_font_family":"Poppins","typography_font_size":{"unit":"px","size":20,"sizes":[]},"typography_font_weight":"500","_margin":{"unit":"px","top":"0","right":"0","bottom":"0","left":"0","isLinked":false},"__globals__":{"title_color":"globals\/colors?id=c3a0337"}},"elements":[],"isInner":false,"widgetType":"heading","elType":"widget"},{"id":"1b8e0441","settings":{"editor":"<p>Save $3 with App New User Only<\/p>","typography_typography":"custom","typography_font_family":"Poppins","typography_font_size":{"unit":"px","size":13,"sizes":[]},"typography_font_weight":"400","_margin":{"unit":"px","top":"0","right":"0","bottom":"-35","left":"0","isLinked":false},"_padding":{"unit":"px","top":"0","right":"0","bottom":"0","left":"0","isLinked":false},"__globals__":{"text_color":""},"text_color":"#A2A0A0"},"elements":[],"isInner":false,"widgetType":"text-editor","elType":"widget"},{"id":"732e97f9","settings":{"content_width":"full","flex_direction":"row","padding":{"unit":"px","top":"0","right":"0","bottom":"0","left":"0","isLinked":false}},"elements":[{"id":"a72a19d","settings":{"content_width":"full","width":{"unit":"%","size":49.057},"padding":{"unit":"px","top":"0","right":"0","bottom":"0","left":"0","isLinked":false},"_flex_size":"none","_element_width":"initial"},"elements":[{"id":"72519858","settings":{"image":{"url":"https:\/\/spark.procoderbd.com\/wp-content\/uploads\/2025\/08\/Qr-Code-min.png","id":59,"size":"","alt":"","source":"library"},"align":"left"},"elements":[],"isInner":false,"widgetType":"image","elType":"widget"}],"isInner":true,"elType":"container"},{"id":"318b6523","settings":{"content_width":"full","padding":{"unit":"px","top":"0","right":"0","bottom":"0","left":"0","isLinked":false}},"elements":[{"id":"912f85a","settings":{"image":{"url":"https:\/\/spark.procoderbd.com\/wp-content\/uploads\/2025\/08\/GooglePlay-min.png","id":51,"size":"","alt":"","source":"library"},"align_mobile":"left"},"elements":[],"isInner":false,"widgetType":"image","elType":"widget"},{"id":"3333b813","settings":{"image":{"url":"https:\/\/spark.procoderbd.com\/wp-content\/uploads\/2025\/08\/download-appstore-min.png","id":48,"size":"","alt":"","source":"library"},"align_mobile":"left"},"elements":[],"isInner":false,"widgetType":"image","elType":"widget"}],"isInner":true,"elType":"container"}],"isInner":true,"elType":"container"},{"id":"401e7c4f","settings":{"social_icon_list":[{"social_icon":{"value":"fab fa-facebook","library":"fa-brands"},"_id":"3cb80d9"},{"social_icon":{"value":"fab fa-twitter","library":"fa-brands"},"_id":"913bfa7"},{"social_icon":{"value":"fab fa-instagram","library":"fa-brands"},"_id":"94b7e67"},{"social_icon":{"value":"fab fa-linkedin","library":"fa-brands"},"_id":"0601221"}],"shape":"circle","align":"left","icon_color":"custom","icon_primary_color":"#FFFFFF00","icon_size":{"unit":"px","size":22,"sizes":[]},"icon_padding":{"unit":"em","size":0,"sizes":[]},"icon_spacing":{"unit":"px","size":14,"sizes":[]},"__globals__":{"icon_primary_color":"","icon_secondary_color":"globals\/colors?id=c3a0337","hover_secondary_color":"globals\/colors?id=primary"}},"elements":[],"isInner":false,"widgetType":"social-icons","elType":"widget"}],"isInner":true,"elType":"container"}],"isInner":false,"elType":"container"},{"id":"3ddbbdd3","settings":{"flex_direction":"column","background_background":"classic","background_color":"#000000","border_border":"solid","border_width":{"unit":"px","top":"1","right":"0","bottom":"0","left":"0","isLinked":false},"border_color":"#1D1D1D","padding":{"unit":"px","top":"10","right":"10","bottom":"10","left":"10","isLinked":true},"__globals__":{"background_color":"globals\/colors?id=text","border_color":""}},"elements":[{"id":"6f784ed6","settings":{"title":"\u00a9 Copyright Spark & Space 2025. All right reserved","header_size":"p","align":"center","typography_typography":"custom","typography_font_family":"Poppins","typography_font_size":{"unit":"px","size":12,"sizes":[]},"typography_font_weight":"400","__globals__":{"title_color":"globals\/colors?id=c3a0337"}},"elements":[],"isInner":false,"widgetType":"heading","elType":"widget"}],"isInner":false,"elType":"container"}],"page_settings":[],"version":"0.4","title":"Footer","type":"page"}