{"content":[{"id":"40c35ca8","settings":{"flex_direction":"column","background_background":"classic","padding":{"unit":"px","top":"10","right":"10","bottom":"10","left":"10","isLinked":false},"__globals__":{"background_color":"globals\/colors?id=accent"}},"elements":[{"id":"a3d9d25","settings":{"editor":"<p><span style=\"white-space-collapse: preserve;\">Summer Sale For All Swim Suits And Free Express Delivery - OFF 50%! <a href=\"https:\/\/spark.procoderbd.com\/shop\/\"><span style=\"text-decoration: underline;\"><strong>Shop Now<\/strong><\/span><\/a><\/span><\/p>","align":"center","_margin":{"unit":"px","top":"0","right":"0","bottom":"-25","left":"0","isLinked":false},"__globals__":{"text_color":"globals\/colors?id=c3a0337","link_color":"globals\/colors?id=c3a0337"}},"elements":[],"isInner":false,"widgetType":"text-editor","elType":"widget"}],"isInner":false,"elType":"container"},{"id":"7e8d4f79","settings":{"flex_direction":"row","flex_gap":{"unit":"px","size":0,"column":"0","row":"0"},"flex_align_items":"center","flex_wrap_tablet":"wrap"},"elements":[{"id":"1ae3bed6","settings":{"flex_direction":"column","content_width":"full","width":{"unit":"%","size":15},"width_tablet":{"unit":"%","size":25,"sizes":[]},"width_mobile":{"unit":"%","size":60,"sizes":[]}},"elements":[{"id":"6740dc69","settings":{"site_logo_fallback":"yes","custom_image":{"url":"https:\/\/spark.procoderbd.com\/wp-content\/uploads\/2025\/08\/Logo-min.png","id":53,"size":"","alt":"","source":"library"},"align":"left"},"elements":[],"isInner":false,"widgetType":"site-logo","elType":"widget"}],"isInner":true,"elType":"container"},{"id":"5e80ce40","settings":{"flex_direction":"column","content_width":"full","width":{"unit":"%","size":"50"},"width_tablet":{"unit":"%","size":75,"sizes":[]},"width_mobile":{"unit":"%","size":40,"sizes":[]}},"elements":[{"id":"3998fe77","settings":{"menu":"main-menu","navmenu_align":"center","resp_align":"right","dropdown_icon":{"value":"fas fa-align-right","library":"fa-solid"},"menu_typography_typography":"custom","menu_typography_font_family":"Poppins","menu_typography_font_size":{"unit":"px","size":14,"sizes":[]},"menu_typography_font_weight":"600","__globals__":{"color_menu_item_hover":"globals\/colors?id=primary","background_color_dropdown_item":"globals\/colors?id=text","color_dropdown_item":"globals\/colors?id=c3a0337","color_dropdown_item_hover":"globals\/colors?id=primary"},"dropdown_divider_border":"none"},"elements":[],"isInner":false,"widgetType":"navigation-menu","elType":"widget"}],"isInner":true,"elType":"container"},{"id":"49c3112a","settings":{"flex_direction":"column","content_width":"full","width":{"unit":"%","size":35},"padding":{"unit":"px","top":"15","right":"15","bottom":"0","left":"15","isLinked":false},"width_tablet":{"unit":"%","size":100,"sizes":[]},"width_mobile":{"unit":"%","size":"","sizes":[]}},"elements":[{"id":"ac1702a","settings":{"shortcode":"[aws_search_form]","_element_id":"homepage_search"},"elements":[],"isInner":false,"widgetType":"shortcode","elType":"widget"},{"id":"4aae5e1e","settings":{"html":"<style>\n#homepage_search form {\n    background: #f5f5f5 !important;\n    border-radius: 5px\n}\n#homepage_search input[type=\"search\"] {\n    background: none;\n    border: 0px;\n    padding: 10px 20px;\n}\n#homepage_search .aws-form-btn {\n    background: none;\n    border: 0px;\n    width: auto;\n    padding: 10px;\n}\n#homepage_search .aws-search-btn{\n    transition: 0.5s\n}\n#homepage_search .aws-search-btn svg{\n    color: #000;\n}\n#homepage_search .aws-search-btn:hover svg{\n    color: #DB4444\n}\n<\/style>"},"elements":[],"isInner":false,"widgetType":"html","elType":"widget"}],"isInner":true,"elType":"container"}],"isInner":false,"elType":"container"}],"page_settings":[],"version":"0.4","title":"Header","type":"page"}